<?xml version="1.0" encoding="UTF-8"?>
<project-private xmlns="http://www.netbeans.org/ns/project-private/1">
    <editor-bookmarks xmlns="http://www.netbeans.org/ns/editor-bookmarks/2" lastBookmarkId="0"/>
    <open-files xmlns="http://www.netbeans.org/ns/projectui-open-files/2">
        <group>
            <file>file:/Users/nc/NetBeansProjects/Cinema/src/cinema/IndexSale.java</file>
            <file>file:/Users/nc/NetBeansProjects/Cinema/src/cinema/IndexMovie.java</file>
            <file>file:/Users/nc/NetBeansProjects/Cinema/src/cinema/IndexTicket.java</file>
            <file>file:/Users/nc/NetBeansProjects/Cinema/src/cinema/CreateTicket.java</file>
            <file>file:/Users/nc/NetBeansProjects/Cinema/src/cinema/CreateMovie.java</file>
            <file>file:/Users/nc/NetBeansProjects/Cinema/src/cinema/CreateSale.java</file>
            <file>file:/Users/nc/NetBeansProjects/Cinema/src/cinema/CreateSeat.java</file>
            <file>file:/Users/nc/NetBeansProjects/Cinema/src/cinema/AdminDashboard.java</file>
            <file>file:/Users/nc/NetBeansProjects/Cinema/src/cinema/IndexSeat.java</file>
            <file>file:/Users/nc/NetBeansProjects/Cinema/src/cinema/IndexTheater.java</file>
        </group>
    </open-files>
</project-private>
